{"stem":"1909","instances":[{"docUri":"pages\/readingView.html","score":105,"contexts":[{"form":"1909","weight":"2","pos":3,"context":"Mary Behrend's <mark>1909<\/mark> Calendar"},{"form":"1909","weight":"2","pos":149,"context":" January 30, <mark>1909<\/mark>. Saturday E.R.B. \"That dammned old clock gives me...","fid":"e-1909-01-30","in":["ssCtx5"]},{"form":"1909","weight":"2","pos":163,"context":" February 16, <mark>1909<\/mark>. Tuesday Mr. Behrend finds a big bug...","fid":"e-1909-02-16","in":["ssCtx5"]},{"form":"1909","weight":"2","pos":177,"context":" February 17, <mark>1909<\/mark>. Wednesday Each morning very early When all is...","fid":"e-1909-02-17","in":["ssCtx5"]},{"form":"1909","weight":"2","pos":215,"context":" March 8, <mark>1909<\/mark>. Monday .. this is the day, this......","fid":"e-1909-03-08","in":["ssCtx5"]},{"form":"1909","weight":"2","pos":236,"context":" March 12, <mark>1909<\/mark>. Friday Molly on snowshoes that Mr. Weir...","fid":"e-1909-03-12","in":["ssCtx5"]},{"form":"1909","weight":"2","pos":266,"context":" March 17, <mark>1909<\/mark>. Wednesday ST. Patrick was a usefuf saint...","fid":"e-1909-03-17","in":["ssCtx5"]},{"form":"1909","weight":"2","pos":293,"context":" March 23, <mark>1909<\/mark>. Tuesday Wash day at the behrends oh,...","fid":"e-1909-03-23","in":["ssCtx5"]},{"form":"1909","weight":"2","pos":312,"context":" March 25, <mark>1909<\/mark>. Thursday At the Lavers \"Ill send the bill...","fid":"e-1909-03-25","in":["ssCtx5"]},{"form":"1909","weight":"2","pos":351,"context":" March 30, <mark>1909<\/mark>. Tuesday Latest styles in hare dressing see the...","fid":"e-1909-03-30","in":["ssCtx5"]},{"form":"1909","weight":"2","pos":416,"context":" March 31, <mark>1909<\/mark>. Wednesday 4.30 AM. \"An early spring.\" This...","fid":"e-1909-03-31","in":["ssCtx5"]},{"form":"1909","weight":"2","pos":475,"context":" April 1, <mark>1909<\/mark>. Thursday This is your picture! Look underneath...","fid":"e-1909-04-01","in":["ssCtx5"]},{"form":"1909","weight":"2","pos":542,"context":" April 6, <mark>1909<\/mark>. Tuesday Theresa makes us every day lovely puddings...","fid":"e-1909-04-06","in":["ssCtx5"]},{"form":"1909","weight":"2","pos":601,"context":" April 7, <mark>1909<\/mark>. Wednesday Ernst wanted a billiard table to play...","fid":"e-1909-04-07","in":["ssCtx5"]},{"form":"1909","weight":"2","pos":648,"context":" April 10, <mark>1909<\/mark>. Saturday There's a little old cradle at Hammermill...","fid":"e-1909-04-10","in":["ssCtx5"]},{"form":"1909","weight":"2","pos":709,"context":" April 11, <mark>1909<\/mark>. Saturday Easter \"Ah dear but come thou back...","fid":"e-1909-04-11","in":["ssCtx5"]},{"form":"1909","weight":"2","pos":789,"context":" April 14, <mark>1909<\/mark>. Wednesday Love from Mary Alicia M.B ","fid":"e-1909-04-14","in":["ssCtx5"]},{"form":"1909","weight":"2","pos":834,"context":" April 16, <mark>1909<\/mark>. Friday fish day this is the day we...","fid":"e-1909-04-16","in":["ssCtx5"]},{"form":"1909","weight":"2","pos":872,"context":" April 18, <mark>1909<\/mark>. Sunday Jewels are all very nice But Ernst...","fid":"e-1909-04-18","in":["ssCtx5"]},{"form":"1909","weight":"2","pos":916,"context":" May 01, <mark>1909<\/mark>. Saturday May Baskets No one knows who sends...","fid":"e-1909-05-01","in":["ssCtx5"]},{"form":"1909","weight":"2","pos":960,"context":" May 06, <mark>1909<\/mark>. Thursday \"Some love the glow of outward show...","fid":"e-1909-05-06","in":["ssCtx5"]},{"form":"1909","weight":"2","pos":1005,"context":" May 12, <mark>1909<\/mark>. Wednesday \"There's something queer inside that thing\" Gamie...","fid":"e-1909-05-12","in":["ssCtx5"]},{"form":"1909","weight":"2","pos":1047,"context":" May 14, <mark>1909<\/mark>. Friday A Fiendish invention Is what I call...","fid":"e-1909-05-14","in":["ssCtx5"]},{"form":"1909","weight":"2","pos":1079,"context":" May 15, <mark>1909<\/mark>. Saturday This is not a \"March Hare\" But...","fid":"e-1909-05-15","in":["ssCtx5"]},{"form":"1909","weight":"2","pos":1120,"context":" May 22, <mark>1909<\/mark>. Saturday Mr. Reichemheims dog is queer He...","fid":"e-1909-05-22","in":["ssCtx5"]},{"form":"1909","weight":"2","pos":1163,"context":" June 09, <mark>1909<\/mark>. Saturday Mr. Reichemheims dog is queer He...","fid":"e-1909-06-09","in":["ssCtx5"]},{"form":"1909","weight":"2","pos":1228,"context":" June 12, <mark>1909<\/mark>. Saturday The new rooves are very nice For...","fid":"e-1909-06-12","in":["ssCtx5"]},{"form":"1909","weight":"2","pos":1287,"context":" June 16, <mark>1909<\/mark>. Wednesday In case a woman is so large...","fid":"e-1909-06-16","in":["ssCtx5"]},{"form":"1909","weight":"2","pos":1399,"context":" June 19, <mark>1909<\/mark>. Saturday \"Rubbing it in!\"","fid":"e-1909-06-19","in":["ssCtx5"]},{"form":"1909","weight":"2","pos":1441,"context":" July 13, <mark>1909<\/mark>. Tuesday That little spot in the back of...","fid":"e-1909-07-13","in":["ssCtx5"]},{"form":"1909","weight":"2","pos":1491,"context":" August 3, <mark>1909<\/mark>. Tuesday Here's a basket of things from the...","fid":"e-1909-08-03","in":["ssCtx5"]},{"form":"1909","weight":"2","pos":1550,"context":" August 9, <mark>1909<\/mark>. Monday Miss Peach has such a lovely face...","fid":"e-1909-08-09","in":["ssCtx5"]},{"form":"1909","weight":"2","pos":1615,"context":" August 14, <mark>1909<\/mark>. Saturday To live in hearts or leave behind...","fid":"e-1909-08-14","in":["ssCtx5"]},{"form":"1909","weight":"2","pos":1670,"context":" August 16, <mark>1909<\/mark>. Monday will love him dearly, have a...","fid":"e-1909-08-16","in":["ssCtx5"]},{"form":"1909","weight":"2","pos":1711,"context":" August 18, <mark>1909<\/mark>. Wednesday Sic' em, Gamie!","fid":"e-1909-08-18","in":["ssCtx5"]},{"form":"1909","weight":"1","pos":13,"context":" January 30, <mark>1909<\/mark>. Saturday","fid":"toc"},{"form":"1909","weight":"1","pos":17,"context":" February 16, <mark>1909<\/mark>. Tuesday","fid":"toc"},{"form":"1909","weight":"1","pos":21,"context":"February 17, <mark>1909<\/mark>. Wednesday","fid":"toc"},{"form":"1909","weight":"1","pos":24,"context":"March 8, <mark>1909<\/mark>. Monday","fid":"toc"},{"form":"1909","weight":"1","pos":28,"context":"March 12, <mark>1909<\/mark>. Friday","fid":"toc"},{"form":"1909","weight":"1","pos":32,"context":"March 17, <mark>1909<\/mark>. Wednesday","fid":"toc"},{"form":"1909","weight":"1","pos":36,"context":"March 23, <mark>1909<\/mark>. Tuesday","fid":"toc"},{"form":"1909","weight":"1","pos":40,"context":"March 25, <mark>1909<\/mark>. Thursday","fid":"toc"},{"form":"1909","weight":"1","pos":44,"context":"March 30, <mark>1909<\/mark>. Tuesday","fid":"toc"},{"form":"1909","weight":"1","pos":48,"context":"March 31, <mark>1909<\/mark>. Wednesday","fid":"toc"},{"form":"1909","weight":"1","pos":51,"context":"April 1, <mark>1909<\/mark>. Thursday","fid":"toc"},{"form":"1909","weight":"1","pos":54,"context":"April 6, <mark>1909<\/mark>. Tuesday","fid":"toc"},{"form":"1909","weight":"1","pos":57,"context":"April 7, <mark>1909<\/mark>. Wednesday","fid":"toc"},{"form":"1909","weight":"1","pos":61,"context":"April 10, <mark>1909<\/mark>. Saturday","fid":"toc"},{"form":"1909","weight":"1","pos":65,"context":"April 11, <mark>1909<\/mark>. Saturday Easter","fid":"toc"},{"form":"1909","weight":"1","pos":70,"context":"April 14, <mark>1909<\/mark>. Wednesday","fid":"toc"},{"form":"1909","weight":"1","pos":74,"context":"April 16, <mark>1909<\/mark>. Friday","fid":"toc"},{"form":"1909","weight":"1","pos":78,"context":"April 18, <mark>1909<\/mark>. Sunday","fid":"toc"},{"form":"1909","weight":"1","pos":82,"context":"May 01, <mark>1909<\/mark>. Saturday","fid":"toc"},{"form":"1909","weight":"1","pos":86,"context":"May 06, <mark>1909<\/mark>. Thursday","fid":"toc"},{"form":"1909","weight":"1","pos":90,"context":"May 12, <mark>1909<\/mark>. Wednesday","fid":"toc"},{"form":"1909","weight":"1","pos":94,"context":"May 14, <mark>1909<\/mark>. Friday","fid":"toc"},{"form":"1909","weight":"1","pos":98,"context":"May 15, <mark>1909<\/mark>. Saturday","fid":"toc"},{"form":"1909","weight":"1","pos":102,"context":"May 22, <mark>1909<\/mark>. Saturday","fid":"toc"},{"form":"1909","weight":"1","pos":106,"context":"June 09, <mark>1909<\/mark>. Saturday","fid":"toc"},{"form":"1909","weight":"1","pos":110,"context":"June 12, <mark>1909<\/mark>. Saturday","fid":"toc"},{"form":"1909","weight":"1","pos":114,"context":"June 16, <mark>1909<\/mark>. Wednesday","fid":"toc"},{"form":"1909","weight":"1","pos":118,"context":"June 19, <mark>1909<\/mark>. Saturday","fid":"toc"},{"form":"1909","weight":"1","pos":122,"context":"July 13, <mark>1909<\/mark>. Tuesday","fid":"toc"},{"form":"1909","weight":"1","pos":125,"context":"August 3, <mark>1909<\/mark>. Tuesday","fid":"toc"},{"form":"1909","weight":"1","pos":128,"context":"August 9, <mark>1909<\/mark>. Monday","fid":"toc"},{"form":"1909","weight":"1","pos":132,"context":"August 14, <mark>1909<\/mark>. Saturday","fid":"toc"},{"form":"1909","weight":"1","pos":136,"context":"August 16, <mark>1909<\/mark>. Monday","fid":"toc"},{"form":"1909","weight":"1","pos":140,"context":"August 18, <mark>1909<\/mark>. Wednesday","fid":"toc"},{"form":"1909","weight":"1","pos":821,"context":"...and most likely Warren because he was born around <mark>1909<\/mark>—#lhering","fid":"e-1909-04-14"}]},{"docUri":"archive.html","score":86,"contexts":[{"form":"1909","weight":"2","pos":3,"context":"Mary Behrend's <mark>1909<\/mark> Calendar"},{"form":"1909","weight":"2","pos":14,"context":"January <mark>1909<\/mark>"},{"form":"1909","weight":"2","pos":17,"context":"   January 30, <mark>1909<\/mark>  "},{"form":"1909","weight":"2","pos":19,"context":"February <mark>1909<\/mark>"},{"form":"1909","weight":"2","pos":22,"context":"   February 16, <mark>1909<\/mark>    February 17, 1909  "},{"form":"1909","weight":"2","pos":25,"context":"   February 16, 1909    February 17, <mark>1909<\/mark>  "},{"form":"1909","weight":"2","pos":27,"context":"March <mark>1909<\/mark>"},{"form":"1909","weight":"2","pos":29,"context":"   March 8, <mark>1909<\/mark>    March 12, 1909    March 17, 1909    March..."},{"form":"1909","weight":"2","pos":32,"context":"   March 8, 1909    March 12, <mark>1909<\/mark>    March 17, 1909    March 23, 1909    March..."},{"form":"1909","weight":"2","pos":35,"context":"...8, 1909    March 12, 1909    March 17, <mark>1909<\/mark>    March 23, 1909    March 25, 1909    March..."},{"form":"1909","weight":"2","pos":38,"context":"..., 1909    March 17, 1909    March 23, <mark>1909<\/mark>    March 25, 1909    March 30, 1909    March..."},{"form":"1909","weight":"2","pos":41,"context":"..., 1909    March 23, 1909    March 25, <mark>1909<\/mark>    March 30, 1909    March 31, 1909  "},{"form":"1909","weight":"2","pos":44,"context":"..., 1909    March 25, 1909    March 30, <mark>1909<\/mark>    March 31, 1909  "},{"form":"1909","weight":"2","pos":47,"context":"..., 1909    March 30, 1909    March 31, <mark>1909<\/mark>  "},{"form":"1909","weight":"2","pos":49,"context":"April <mark>1909<\/mark>"},{"form":"1909","weight":"2","pos":51,"context":"   April 1, <mark>1909<\/mark>    April 6, 1909    April 7, 1909    April 10,..."},{"form":"1909","weight":"2","pos":53,"context":"   April 1, 1909    April 6, <mark>1909<\/mark>    April 7, 1909    April 10, 1909    April 11..."},{"form":"1909","weight":"2","pos":55,"context":"   April 1, 1909    April 6, 1909    April 7, <mark>1909<\/mark>    April 10, 1909    April 11, 1909    April..."},{"form":"1909","weight":"2","pos":58,"context":"...April 6, 1909    April 7, 1909    April 10, <mark>1909<\/mark>    April 11, 1909    April 14, 1909    April..."},{"form":"1909","weight":"2","pos":61,"context":"...7, 1909    April 10, 1909    April 11, <mark>1909<\/mark>    April 14, 1909    April 16, 1909    April..."},{"form":"1909","weight":"2","pos":64,"context":"..., 1909    April 11, 1909    April 14, <mark>1909<\/mark>    April 16, 1909    April 18, 1909  "},{"form":"1909","weight":"2","pos":67,"context":"..., 1909    April 14, 1909    April 16, <mark>1909<\/mark>    April 18, 1909  "},{"form":"1909","weight":"2","pos":70,"context":"..., 1909    April 16, 1909    April 18, <mark>1909<\/mark>  "},{"form":"1909","weight":"2","pos":72,"context":"May <mark>1909<\/mark>"},{"form":"1909","weight":"2","pos":74,"context":"   May 1, <mark>1909<\/mark>    May 6, 1909    May 12, 1909    May 14..."},{"form":"1909","weight":"2","pos":76,"context":"   May 1, 1909    May 6, <mark>1909<\/mark>    May 12, 1909    May 14, 1909    May..."},{"form":"1909","weight":"2","pos":79,"context":"...May 1, 1909    May 6, 1909    May 12, <mark>1909<\/mark>    May 14, 1909    May 15, 1909    May..."},{"form":"1909","weight":"2","pos":82,"context":"...6, 1909    May 12, 1909    May 14, <mark>1909<\/mark>    May 15, 1909    May 22, 1909  "},{"form":"1909","weight":"2","pos":85,"context":"..., 1909    May 14, 1909    May 15, <mark>1909<\/mark>    May 22, 1909  "},{"form":"1909","weight":"2","pos":88,"context":"..., 1909    May 15, 1909    May 22, <mark>1909<\/mark>  "},{"form":"1909","weight":"2","pos":90,"context":"June <mark>1909<\/mark>"},{"form":"1909","weight":"2","pos":92,"context":"   June 9, <mark>1909<\/mark>    June 12, 1909    June 16, 1909    June..."},{"form":"1909","weight":"2","pos":95,"context":"   June 9, 1909    June 12, <mark>1909<\/mark>    June 16, 1909    June 19, 1909  "},{"form":"1909","weight":"2","pos":98,"context":"...9, 1909    June 12, 1909    June 16, <mark>1909<\/mark>    June 19, 1909  "},{"form":"1909","weight":"2","pos":101,"context":"..., 1909    June 16, 1909    June 19, <mark>1909<\/mark>  "},{"form":"1909","weight":"2","pos":103,"context":"July <mark>1909<\/mark>"},{"form":"1909","weight":"2","pos":106,"context":"   July 13, <mark>1909<\/mark>   "},{"form":"1909","weight":"2","pos":108,"context":"August <mark>1909<\/mark>"},{"form":"1909","weight":"2","pos":110,"context":"   August 3, <mark>1909<\/mark>    August 9, 1909    August 14, 1909    August 16..."},{"form":"1909","weight":"2","pos":112,"context":"   August 3, 1909    August 9, <mark>1909<\/mark>    August 14, 1909    August 16, 1909    August..."},{"form":"1909","weight":"2","pos":115,"context":"...August 3, 1909    August 9, 1909    August 14, <mark>1909<\/mark>    August 16, 1909    August 18, 1909  "},{"form":"1909","weight":"2","pos":118,"context":"...9, 1909    August 14, 1909    August 16, <mark>1909<\/mark>    August 18, 1909  "},{"form":"1909","weight":"2","pos":121,"context":"..., 1909    August 16, 1909    August 18, <mark>1909<\/mark>  "}]},{"docUri":"pages\/rachel-xslt.html","score":21,"contexts":[{"form":"1909","weight":"1","pos":7,"context":"  March 30, <mark>1909<\/mark>. TuesdayMarch 31, 1909. WednesdayApril 1, 1909...","fid":"toc"},{"form":"1909","weight":"1","pos":10,"context":"  March 30, 1909. TuesdayMarch 31, <mark>1909<\/mark>. WednesdayApril 1, 1909. ThursdayApril 6, 1909....","fid":"toc"},{"form":"1909","weight":"1","pos":12,"context":"...1909. TuesdayMarch 31, 1909. WednesdayApril 1, <mark>1909<\/mark>. ThursdayApril 6, 1909. TuesdayApril 7, 1909....","fid":"toc"},{"form":"1909","weight":"1","pos":14,"context":"..., 1909. WednesdayApril 1, 1909. ThursdayApril 6, <mark>1909<\/mark>. TuesdayApril 7, 1909. WednesdayApril 10, 1909...","fid":"toc"},{"form":"1909","weight":"1","pos":16,"context":"...1, 1909. ThursdayApril 6, 1909. TuesdayApril 7, <mark>1909<\/mark>. WednesdayApril 10, 1909. SaturdayApril 11,...","fid":"toc"},{"form":"1909","weight":"1","pos":19,"context":"...1909. TuesdayApril 7, 1909. WednesdayApril 10, <mark>1909<\/mark>. SaturdayApril 11, 1909. SaturdayEasterApril 14,...","fid":"toc"},{"form":"1909","weight":"1","pos":22,"context":".... WednesdayApril 10, 1909. SaturdayApril 11, <mark>1909<\/mark>. SaturdayEasterApril 14, 1909. WednesdayMay 12,...","fid":"toc"},{"form":"1909","weight":"1","pos":25,"context":".... SaturdayApril 11, 1909. SaturdayEasterApril 14, <mark>1909<\/mark>. WednesdayMay 12, 1909. WednesdayMay 14,...","fid":"toc"},{"form":"1909","weight":"1","pos":28,"context":".... SaturdayEasterApril 14, 1909. WednesdayMay 12, <mark>1909<\/mark>. WednesdayMay 14, 1909. FridayJune 12,...","fid":"toc"},{"form":"1909","weight":"1","pos":31,"context":".... WednesdayMay 12, 1909. WednesdayMay 14, <mark>1909<\/mark>. FridayJune 12, 1909. SaturdayJune 16,...","fid":"toc"},{"form":"1909","weight":"1","pos":34,"context":".... WednesdayMay 14, 1909. FridayJune 12, <mark>1909<\/mark>. SaturdayJune 16, 1909. WednesdayJune 19,...","fid":"toc"},{"form":"1909","weight":"1","pos":37,"context":".... FridayJune 12, 1909. SaturdayJune 16, <mark>1909<\/mark>. WednesdayJune 19, 1909. SaturdayJuly 13,...","fid":"toc"},{"form":"1909","weight":"1","pos":40,"context":".... SaturdayJune 16, 1909. WednesdayJune 19, <mark>1909<\/mark>. SaturdayJuly 13, 1909. TuesdayAugust 3, 1909...","fid":"toc"},{"form":"1909","weight":"1","pos":43,"context":".... WednesdayJune 19, 1909. SaturdayJuly 13, <mark>1909<\/mark>. TuesdayAugust 3, 1909. TuesdayAugust 9, 1909....","fid":"toc"},{"form":"1909","weight":"1","pos":45,"context":"...1909. SaturdayJuly 13, 1909. TuesdayAugust 3, <mark>1909<\/mark>. TuesdayAugust 9, 1909. MondayAugust 14, 1909...","fid":"toc"},{"form":"1909","weight":"1","pos":47,"context":"..., 1909. TuesdayAugust 3, 1909. TuesdayAugust 9, <mark>1909<\/mark>. MondayAugust 14, 1909. SaturdayAugust 16,...","fid":"toc"},{"form":"1909","weight":"1","pos":50,"context":"...1909. TuesdayAugust 9, 1909. MondayAugust 14, <mark>1909<\/mark>. SaturdayAugust 16, 1909. MondayAugust 18,...","fid":"toc"},{"form":"1909","weight":"1","pos":53,"context":".... MondayAugust 14, 1909. SaturdayAugust 16, <mark>1909<\/mark>. MondayAugust 18, 1909. WednesdayMarch 12,...","fid":"toc"},{"form":"1909","weight":"1","pos":56,"context":".... SaturdayAugust 16, 1909. MondayAugust 18, <mark>1909<\/mark>. WednesdayMarch 12, 1909. FridayJuly 13,...","fid":"toc"},{"form":"1909","weight":"1","pos":59,"context":".... MondayAugust 18, 1909. WednesdayMarch 12, <mark>1909<\/mark>. FridayJuly 13, 1909. Tuesday ","fid":"toc"},{"form":"1909","weight":"1","pos":62,"context":".... WednesdayMarch 12, 1909. FridayJuly 13, <mark>1909<\/mark>. Tuesday ","fid":"toc"}]},{"docUri":"about.html","score":3,"contexts":[{"form":"1909","weight":"2","pos":3,"context":"Mary Behrend's <mark>1909<\/mark> Calendar"},{"form":"1909","weight":"1","pos":55,"context":"...is a series of calendar pages Mary illustrated in <mark>1909<\/mark>. Each page contained an illustration and an anecdote..."}]},{"docUri":"index.html","score":4,"contexts":[{"form":"1909","weight":"2","pos":3,"context":"Mary Behrend's <mark>1909<\/mark> Calendar"},{"form":"1909","weight":"2","pos":23,"context":"...developing website about Mary Behrend's archived calendar pages from <mark>1909<\/mark>. More will be added here over time,..."}]},{"docUri":"authors.html","score":2,"contexts":[{"form":"1909","weight":"2","pos":3,"context":"Mary Behrend's <mark>1909<\/mark> Calendar"}]}]}